{
  "schema_version": 1,
  "timestamp_utc": "2026-07-21T18:01:43.379646+00:00",
  "device": "NVIDIA H20",
  "compute_capability": [
    9,
    0
  ],
  "torch_version": "2.11.0+cu130",
  "vllm_version": "0.24.0",
  "adapter_backend": "cpp-dispatch",
  "baseline": "vLLM _C.rotary_embedding + _C_cache_ops.reshape_and_cache_flash",
  "candidate": "Loom rope_paged_kv_write_",
  "dtype": "bf16",
  "query_heads": 14,
  "kv_heads": 2,
  "head_size": 64,
  "rotary_dim": 64,
  "block_size": 16,
  "is_neox": true,
  "warmup": 100,
  "iterations": 2000,
  "repeats": 5,
  "results": [
    {
      "tokens": 1,
      "layout": "NHD",
      "baseline_us": 13.951904296875,
      "loom_us": 6.024400234222412,
      "speedup": 2.315899301912137,
      "latency_reduction_percent": 56.8202296544438,
      "baseline_samples_us": [
        13.951904296875,
        14.865023612976074,
        13.852736473083496,
        13.85974407196045,
        15.154239654541016
      ],
      "loom_samples_us": [
        6.024400234222412,
        5.978752136230469,
        6.055823802947998,
        6.039840221405029,
        5.996784210205078
      ],
      "baseline_p90_us": 15.154239654541016,
      "loom_p90_us": 6.055823802947998
    },
    {
      "tokens": 2,
      "layout": "NHD",
      "baseline_us": 13.942367553710938,
      "loom_us": 5.974160194396973,
      "speedup": 2.333778656753658,
      "latency_reduction_percent": 57.15103499185206,
      "baseline_samples_us": [
        13.856176376342773,
        15.159584045410156,
        13.900896072387695,
        15.098431587219238,
        13.942367553710938
      ],
      "loom_samples_us": [
        5.979743957519531,
        5.931344032287598,
        5.969776153564453,
        5.981200218200684,
        5.974160194396973
      ],
      "baseline_p90_us": 15.159584045410156,
      "loom_p90_us": 5.981200218200684
    },
    {
      "tokens": 4,
      "layout": "NHD",
      "baseline_us": 13.91147232055664,
      "loom_us": 5.979568004608154,
      "speedup": 2.3265012304962105,
      "latency_reduction_percent": 57.01700102747361,
      "baseline_samples_us": [
        13.909248352050781,
        13.92251205444336,
        13.91147232055664,
        14.505632400512695,
        13.897199630737305
      ],
      "loom_samples_us": [
        5.979568004608154,
        7.324399948120117,
        6.008031845092773,
        5.979008197784424,
        5.97211217880249
      ],
      "baseline_p90_us": 14.505632400512695,
      "loom_p90_us": 7.324399948120117
    },
    {
      "tokens": 8,
      "layout": "NHD",
      "baseline_us": 13.817839622497559,
      "loom_us": 5.993919849395752,
      "speedup": 2.3053093751146068,
      "latency_reduction_percent": 56.621874235414246,
      "baseline_samples_us": [
        13.889568328857422,
        13.800448417663574,
        13.757792472839355,
        13.817839622497559,
        13.828944206237793
      ],
      "loom_samples_us": [
        7.708352088928223,
        5.97324800491333,
        5.993919849395752,
        7.461919784545898,
        5.969855785369873
      ],
      "baseline_p90_us": 13.889568328857422,
      "loom_p90_us": 7.708352088928223
    },
    {
      "tokens": 16,
      "layout": "NHD",
      "baseline_us": 13.908224105834961,
      "loom_us": 6.014671802520752,
      "speedup": 2.3123828801441864,
      "latency_reduction_percent": 56.75456653019132,
      "baseline_samples_us": [
        15.200223922729492,
        13.908224105834961,
        13.836688041687012,
        13.89459228515625,
        13.940608024597168
      ],
      "loom_samples_us": [
        6.014671802520752,
        5.973743915557861,
        7.322591781616211,
        6.012671947479248,
        6.020400047302246
      ],
      "baseline_p90_us": 15.200223922729492,
      "loom_p90_us": 7.322591781616211
    },
    {
      "tokens": 32,
      "layout": "NHD",
      "baseline_us": 14.02064037322998,
      "loom_us": 5.9958720207214355,
      "speedup": 2.338382194412313,
      "latency_reduction_percent": 57.23539110118301,
      "baseline_samples_us": [
        15.052335739135742,
        13.862959861755371,
        15.135392189025879,
        13.882960319519043,
        14.02064037322998
      ],
      "loom_samples_us": [
        5.9958720207214355,
        5.979087829589844,
        6.002384185791016,
        5.986080169677734,
        7.021920204162598
      ],
      "baseline_p90_us": 15.135392189025879,
      "loom_p90_us": 7.021920204162598
    },
    {
      "tokens": 64,
      "layout": "NHD",
      "baseline_us": 14.094207763671875,
      "loom_us": 5.973167896270752,
      "speedup": 2.3595867399728307,
      "latency_reduction_percent": 57.619697421612294,
      "baseline_samples_us": [
        13.887791633605957,
        14.094207763671875,
        14.596367835998535,
        13.876208305358887,
        15.014080047607422
      ],
      "loom_samples_us": [
        5.997647762298584,
        5.957312107086182,
        5.96230411529541,
        5.973167896270752,
        5.999695777893066
      ],
      "baseline_p90_us": 15.014080047607422,
      "loom_p90_us": 5.999695777893066
    },
    {
      "tokens": 128,
      "layout": "NHD",
      "baseline_us": 14.360848426818848,
      "loom_us": 5.982207775115967,
      "speedup": 2.400593387370344,
      "latency_reduction_percent": 58.34363265094973,
      "baseline_samples_us": [
        13.834783554077148,
        15.142607688903809,
        13.883872032165527,
        14.360848426818848,
        14.537599563598633
      ],
      "loom_samples_us": [
        5.982207775115967,
        5.981616020202637,
        5.982416152954102,
        5.945807933807373,
        5.999152183532715
      ],
      "baseline_p90_us": 15.142607688903809,
      "loom_p90_us": 5.999152183532715
    },
    {
      "tokens": 256,
      "layout": "NHD",
      "baseline_us": 13.885680198669434,
      "loom_us": 5.996895790100098,
      "speedup": 2.315477988060496,
      "latency_reduction_percent": 56.81237285966921,
      "baseline_samples_us": [
        13.97708797454834,
        14.07198429107666,
        13.798800468444824,
        13.885680198669434,
        13.81123161315918
      ],
      "loom_samples_us": [
        5.96940803527832,
        6.786960124969482,
        6.013296127319336,
        5.983823776245117,
        5.996895790100098
      ],
      "baseline_p90_us": 14.07198429107666,
      "loom_p90_us": 6.786960124969482
    },
    {
      "tokens": 512,
      "layout": "NHD",
      "baseline_us": 13.797231674194336,
      "loom_us": 5.987599849700928,
      "speedup": 2.3043008919314287,
      "latency_reduction_percent": 56.6028896876477,
      "baseline_samples_us": [
        13.809311866760254,
        13.768879890441895,
        13.797231674194336,
        13.803919792175293,
        13.79700756072998
      ],
      "loom_samples_us": [
        5.951344013214111,
        5.994959831237793,
        5.987599849700928,
        5.998640060424805,
        5.977903842926025
      ],
      "baseline_p90_us": 13.809311866760254,
      "loom_p90_us": 5.998640060424805
    },
    {
      "tokens": 1024,
      "layout": "NHD",
      "baseline_us": 13.784943580627441,
      "loom_us": 8.173952102661133,
      "speedup": 1.6864478048678044,
      "latency_reduction_percent": 40.703768173934854,
      "baseline_samples_us": [
        13.784943580627441,
        13.798288345336914,
        13.782400131225586,
        13.787327766418457,
        13.764863967895508
      ],
      "loom_samples_us": [
        8.173871994018555,
        8.174192428588867,
        8.173952102661133,
        8.176336288452148,
        8.173600196838379
      ],
      "baseline_p90_us": 13.798288345336914,
      "loom_p90_us": 8.176336288452148
    }
  ]
}
