{
  "schema_version": 1,
  "timestamp_utc": "2026-07-21T18:01:59.502725+00:00",
  "device": "NVIDIA H20",
  "compute_capability": [
    9,
    0
  ],
  "torch_version": "2.11.0+cu130",
  "vllm_version": "0.24.0",
  "adapter_backend": "cpp-dispatch",
  "baseline": "vLLM _C.rotary_embedding + _C_cache_ops.reshape_and_cache_flash",
  "candidate": "Loom rope_paged_kv_write_",
  "dtype": "bf16",
  "query_heads": 14,
  "kv_heads": 2,
  "head_size": 64,
  "rotary_dim": 64,
  "block_size": 16,
  "is_neox": true,
  "warmup": 100,
  "iterations": 500,
  "repeats": 5,
  "results": [
    {
      "tokens": 1024,
      "layout": "NHD",
      "baseline_us": 13.79974365234375,
      "loom_us": 8.293824195861816,
      "speedup": 1.6638577484231096,
      "latency_reduction_percent": 39.89870823105332,
      "baseline_samples_us": [
        14.12723159790039,
        13.859007835388184,
        13.718079566955566,
        13.79974365234375,
        13.75648021697998
      ],
      "loom_samples_us": [
        8.301247596740723,
        8.288895606994629,
        8.294719696044922,
        8.28435230255127,
        8.293824195861816
      ],
      "baseline_p90_us": 14.12723159790039,
      "loom_p90_us": 8.301247596740723
    },
    {
      "tokens": 2048,
      "layout": "NHD",
      "baseline_us": 16.534208297729492,
      "loom_us": 13.33459186553955,
      "speedup": 1.239948583687715,
      "latency_reduction_percent": 19.351494638115323,
      "baseline_samples_us": [
        16.55449676513672,
        16.52876853942871,
        16.534208297729492,
        16.543743133544922,
        16.52467155456543
      ],
      "loom_samples_us": [
        13.338879585266113,
        13.336383819580078,
        13.3307523727417,
        13.333439826965332,
        13.33459186553955
      ],
      "baseline_p90_us": 16.55449676513672,
      "loom_p90_us": 13.338879585266113
    },
    {
      "tokens": 4096,
      "layout": "NHD",
      "baseline_us": 26.843711853027344,
      "loom_us": 23.436288833618164,
      "speedup": 1.1453908954442227,
      "latency_reduction_percent": 12.693561300558,
      "baseline_samples_us": [
        26.843711853027344,
        26.850175857543945,
        26.855615615844727,
        26.843456268310547,
        26.84102439880371
      ],
      "loom_samples_us": [
        23.436864852905273,
        23.43449592590332,
        23.43756866455078,
        23.436288833618164,
        23.435903549194336
      ],
      "baseline_p90_us": 26.855615615844727,
      "loom_p90_us": 23.43756866455078
    },
    {
      "tokens": 8192,
      "layout": "NHD",
      "baseline_us": 47.653953552246094,
      "loom_us": 43.81497573852539,
      "speedup": 1.087617937680271,
      "latency_reduction_percent": 8.055948200628904,
      "baseline_samples_us": [
        47.648319244384766,
        47.66022491455078,
        47.653953552246094,
        47.66304016113281,
        47.65254211425781
      ],
      "loom_samples_us": [
        43.80883026123047,
        43.788734436035156,
        43.81919860839844,
        43.81497573852539,
        43.835262298583984
      ],
      "baseline_p90_us": 47.66304016113281,
      "loom_p90_us": 43.835262298583984
    }
  ]
}
